"Classification","Year","Period","Period.Desc.","Aggregate.Level","Is.Leaf.Code","Trade.Flow.Code","Trade.Flow","Reporter.Code","Reporter","Reporter.ISO","Partner.Code","Partner","Partner.ISO","X2nd.Partner.Code","X2nd.Partner","X2nd.Partner.ISO","Customs.Proc..Code","Customs","Mode.of.Transport.Code","Mode.of.Transport","Commodity.Code","Commodity","Qty.Unit.Code","Qty.Unit","Qty","Alt.Qty.Unit.Code","Alt.Qty.Unit","Alt.Qty","Netweight..kg.","Gross.weight..kg.","Trade.Value..US..","CIF.Trade.Value..US..","FOB.Trade.Value..US..","Flag"
"HS",2018,201805,"May 2018",4,0,1,"Imports",24,"Angola",NA,643,"Russian Federation",NA,NA,NA,NA,NA,NA,NA,NA,207,"Meat and edible offal of poultry; of the poultry of heading no. 0105, (ie fowls of the species gallus domesticus), fresh, chilled or frozen",NA,NA,NA,NA,NA,NA,27269,NA,44859,NA,NA,0
"HS",2018,201807,"July 2018",4,0,1,"Imports",24,"Angola",NA,643,"Russian Federation",NA,NA,NA,NA,NA,NA,NA,NA,207,"Meat and edible offal of poultry; of the poultry of heading no. 0105, (ie fowls of the species gallus domesticus), fresh, chilled or frozen",NA,NA,NA,NA,NA,NA,124688,NA,186995,NA,NA,0
"HS",2018,201801,"January 2018",4,0,1,"Imports",31,"Azerbaijan",NA,643,"Russian Federation",NA,NA,NA,NA,NA,NA,NA,NA,207,"Meat and edible offal of poultry; of the poultry of heading no. 0105, (ie fowls of the species gallus domesticus), fresh, chilled or frozen",NA,NA,NA,NA,NA,NA,38642,NA,543042,NA,NA,0
"HS",2018,201802,"February 2018",4,0,1,"Imports",31,"Azerbaijan",NA,643,"Russian Federation",NA,NA,NA,NA,NA,NA,NA,NA,207,"Meat and edible offal of poultry; of the poultry of heading no. 0105, (ie fowls of the species gallus domesticus), fresh, chilled or frozen",NA,NA,NA,NA,NA,NA,19344,NA,639882,NA,NA,0
"HS",2018,201803,"March 2018",4,0,1,"Imports",31,"Azerbaijan",NA,643,"Russian Federation",NA,NA,NA,NA,NA,NA,NA,NA,207,"Meat and edible offal of poultry; of the poultry of heading no. 0105, (ie fowls of the species gallus domesticus), fresh, chilled or frozen",NA,NA,NA,NA,NA,NA,45356,NA,798235,NA,NA,0
"HS",2018,201804,"April 2018",4,0,1,"Imports",31,"Azerbaijan",NA,643,"Russian Federation",NA,NA,NA,NA,NA,NA,NA,NA,207,"Meat and edible offal of poultry; of the poultry of heading no. 0105, (ie fowls of the species gallus domesticus), fresh, chilled or frozen",NA,NA,NA,NA,NA,NA,58017,NA,878552,NA,NA,0
"HS",2018,201805,"May 2018",4,0,1,"Imports",31,"Azerbaijan",NA,643,"Russian Federation",NA,NA,NA,NA,NA,NA,NA,NA,207,"Meat and edible offal of poultry; of the poultry of heading no. 0105, (ie fowls of the species gallus domesticus), fresh, chilled or frozen",NA,NA,NA,NA,NA,NA,57021,NA,1523884,NA,NA,0
"HS",2018,201806,"June 2018",4,0,1,"Imports",31,"Azerbaijan",NA,643,"Russian Federation",NA,NA,NA,NA,NA,NA,NA,NA,207,"Meat and edible offal of poultry; of the poultry of heading no. 0105, (ie fowls of the species gallus domesticus), fresh, chilled or frozen",NA,NA,NA,NA,NA,NA,38148,NA,759789,NA,NA,0
"HS",2018,201807,"July 2018",4,0,1,"Imports",31,"Azerbaijan",NA,643,"Russian Federation",NA,NA,NA,NA,NA,NA,NA,NA,207,"Meat and edible offal of poultry; of the poultry of heading no. 0105, (ie fowls of the species gallus domesticus), fresh, chilled or frozen",NA,NA,NA,NA,NA,NA,19166,NA,338700,NA,NA,0
"HS",2018,201808,"August 2018",4,0,1,"Imports",31,"Azerbaijan",NA,643,"Russian Federation",NA,NA,NA,NA,NA,NA,NA,NA,207,"Meat and edible offal of poultry; of the poultry of heading no. 0105, (ie fowls of the species gallus domesticus), fresh, chilled or frozen",NA,NA,NA,NA,NA,NA,39012,NA,197199,NA,NA,0
"HS",2018,201809,"September 2018",4,0,1,"Imports",31,"Azerbaijan",NA,643,"Russian Federation",NA,NA,NA,NA,NA,NA,NA,NA,207,"Meat and edible offal of poultry; of the poultry of heading no. 0105, (ie fowls of the species gallus domesticus), fresh, chilled or frozen",NA,NA,NA,NA,NA,NA,18432,NA,183427,NA,NA,0
"HS",2018,201810,"October 2018",4,0,1,"Imports",31,"Azerbaijan",NA,643,"Russian Federation",NA,NA,NA,NA,NA,NA,NA,NA,207,"Meat and edible offal of poultry; of the poultry of heading no. 0105, (ie fowls of the species gallus domesticus), fresh, chilled or frozen",NA,NA,NA,NA,NA,NA,22713,NA,69537,NA,NA,0
"HS",2018,201811,"November 2018",4,0,1,"Imports",31,"Azerbaijan",NA,643,"Russian Federation",NA,NA,NA,NA,NA,NA,NA,NA,207,"Meat and edible offal of poultry; of the poultry of heading no. 0105, (ie fowls of the species gallus domesticus), fresh, chilled or frozen",NA,NA,NA,NA,NA,NA,18710,NA,141425,NA,NA,0
"HS",2018,201812,"December 2018",4,0,1,"Imports",31,"Azerbaijan",NA,643,"Russian Federation",NA,NA,NA,NA,NA,NA,NA,NA,207,"Meat and edible offal of poultry; of the poultry of heading no. 0105, (ie fowls of the species gallus domesticus), fresh, chilled or frozen",NA,NA,NA,NA,NA,NA,17224,NA,148225,NA,NA,0
"HS",2018,201801,"January 2018",4,0,1,"Imports",48,"Bahrain",NA,643,"Russian Federation",NA,NA,NA,NA,NA,NA,NA,NA,207,"Meat and edible offal of poultry; of the poultry of heading no. 0105, (ie fowls of the species gallus domesticus), fresh, chilled or frozen",NA,NA,NA,NA,NA,NA,81054,NA,124843,NA,NA,0
"HS",2018,201803,"March 2018",4,0,1,"Imports",48,"Bahrain",NA,643,"Russian Federation",NA,NA,NA,NA,NA,NA,NA,NA,207,"Meat and edible offal of poultry; of the poultry of heading no. 0105, (ie fowls of the species gallus domesticus), fresh, chilled or frozen",NA,NA,NA,NA,NA,NA,108080,NA,170291,NA,NA,0
"HS",2018,201804,"April 2018",4,0,1,"Imports",48,"Bahrain",NA,643,"Russian Federation",NA,NA,NA,NA,NA,NA,NA,NA,207,"Meat and edible offal of poultry; of the poultry of heading no. 0105, (ie fowls of the species gallus domesticus), fresh, chilled or frozen",NA,NA,NA,NA,NA,NA,261166,NA,397004,NA,NA,0
"HS",2018,201805,"May 2018",4,0,1,"Imports",48,"Bahrain",NA,643,"Russian Federation",NA,NA,NA,NA,NA,NA,NA,NA,207,"Meat and edible offal of poultry; of the poultry of heading no. 0105, (ie fowls of the species gallus domesticus), fresh, chilled or frozen",NA,NA,NA,NA,NA,NA,51732,NA,82031,NA,NA,0
"HS",2018,201807,"July 2018",4,0,1,"Imports",48,"Bahrain",NA,643,"Russian Federation",NA,NA,NA,NA,NA,NA,NA,NA,207,"Meat and edible offal of poultry; of the poultry of heading no. 0105, (ie fowls of the species gallus domesticus), fresh, chilled or frozen",NA,NA,NA,NA,NA,NA,51500,NA,81502,NA,NA,0
"HS",2018,201809,"September 2018",4,0,1,"Imports",48,"Bahrain",NA,643,"Russian Federation",NA,NA,NA,NA,NA,NA,NA,NA,207,"Meat and edible offal of poultry; of the poultry of heading no. 0105, (ie fowls of the species gallus domesticus), fresh, chilled or frozen",NA,NA,NA,NA,NA,NA,50190,NA,80093,NA,NA,0
"HS",2018,201812,"December 2018",4,0,1,"Imports",48,"Bahrain",NA,643,"Russian Federation",NA,NA,NA,NA,NA,NA,NA,NA,207,"Meat and edible offal of poultry; of the poultry of heading no. 0105, (ie fowls of the species gallus domesticus), fresh, chilled or frozen",NA,NA,NA,NA,NA,NA,51330,NA,80357,NA,NA,0
"HS",2018,201801,"January 2018",4,0,1,"Imports",51,"Armenia",NA,643,"Russian Federation",NA,NA,NA,NA,NA,NA,NA,NA,207,"Meat and edible offal of poultry; of the poultry of heading no. 0105, (ie fowls of the species gallus domesticus), fresh, chilled or frozen",NA,NA,NA,NA,NA,NA,377013,NA,481987,NA,NA,0
"HS",2018,201802,"February 2018",4,0,1,"Imports",51,"Armenia",NA,643,"Russian Federation",NA,NA,NA,NA,NA,NA,NA,NA,207,"Meat and edible offal of poultry; of the poultry of heading no. 0105, (ie fowls of the species gallus domesticus), fresh, chilled or frozen",NA,NA,NA,NA,NA,NA,534399,NA,647941,NA,NA,0
"HS",2018,201803,"March 2018",4,0,1,"Imports",51,"Armenia",NA,643,"Russian Federation",NA,NA,NA,NA,NA,NA,NA,NA,207,"Meat and edible offal of poultry; of the poultry of heading no. 0105, (ie fowls of the species gallus domesticus), fresh, chilled or frozen",NA,NA,NA,NA,NA,NA,727114,NA,812972,NA,NA,0
"HS",2018,201804,"April 2018",4,0,1,"Imports",51,"Armenia",NA,643,"Russian Federation",NA,NA,NA,NA,NA,NA,NA,NA,207,"Meat and edible offal of poultry; of the poultry of heading no. 0105, (ie fowls of the species gallus domesticus), fresh, chilled or frozen",NA,NA,NA,NA,NA,NA,572349,NA,706157,NA,NA,0
"HS",2018,201805,"May 2018",4,0,1,"Imports",51,"Armenia",NA,643,"Russian Federation",NA,NA,NA,NA,NA,NA,NA,NA,207,"Meat and edible offal of poultry; of the poultry of heading no. 0105, (ie fowls of the species gallus domesticus), fresh, chilled or frozen",NA,NA,NA,NA,NA,NA,630945,NA,622698,NA,NA,0
"HS",2018,201806,"June 2018",4,0,1,"Imports",51,"Armenia",NA,643,"Russian Federation",NA,NA,NA,NA,NA,NA,NA,NA,207,"Meat and edible offal of poultry; of the poultry of heading no. 0105, (ie fowls of the species gallus domesticus), fresh, chilled or frozen",NA,NA,NA,NA,NA,NA,261988,NA,227908,NA,NA,0
"HS",2018,201807,"July 2018",4,0,1,"Imports",51,"Armenia",NA,643,"Russian Federation",NA,NA,NA,NA,NA,NA,NA,NA,207,"Meat and edible offal of poultry; of the poultry of heading no. 0105, (ie fowls of the species gallus domesticus), fresh, chilled or frozen",NA,NA,NA,NA,NA,NA,271662,NA,247872,NA,NA,0
"HS",2018,201808,"August 2018",4,0,1,"Imports",51,"Armenia",NA,643,"Russian Federation",NA,NA,NA,NA,NA,NA,NA,NA,207,"Meat and edible offal of poultry; of the poultry of heading no. 0105, (ie fowls of the species gallus domesticus), fresh, chilled or frozen",NA,NA,NA,NA,NA,NA,344830,NA,330832,NA,NA,0
"HS",2018,201809,"September 2018",4,0,1,"Imports",51,"Armenia",NA,643,"Russian Federation",NA,NA,NA,NA,NA,NA,NA,NA,207,"Meat and edible offal of poultry; of the poultry of heading no. 0105, (ie fowls of the species gallus domesticus), fresh, chilled or frozen",NA,NA,NA,NA,NA,NA,317185,NA,357529,NA,NA,0
"HS",2018,201810,"October 2018",4,0,1,"Imports",51,"Armenia",NA,643,"Russian Federation",NA,NA,NA,NA,NA,NA,NA,NA,207,"Meat and edible offal of poultry; of the poultry of heading no. 0105, (ie fowls of the species gallus domesticus), fresh, chilled or frozen",NA,NA,NA,NA,NA,NA,339818,NA,340297,NA,NA,0
"HS",2018,201811,"November 2018",4,0,1,"Imports",51,"Armenia",NA,643,"Russian Federation",NA,NA,NA,NA,NA,NA,NA,NA,207,"Meat and edible offal of poultry; of the poultry of heading no. 0105, (ie fowls of the species gallus domesticus), fresh, chilled or frozen",NA,NA,NA,NA,NA,NA,271999,NA,322530,NA,NA,0
"HS",2018,201812,"December 2018",4,0,1,"Imports",51,"Armenia",NA,643,"Russian Federation",NA,NA,NA,NA,NA,NA,NA,NA,207,"Meat and edible offal of poultry; of the poultry of heading no. 0105, (ie fowls of the species gallus domesticus), fresh, chilled or frozen",NA,NA,NA,NA,NA,NA,216488,NA,271333,NA,NA,0
"HS",2018,201804,"April 2018",4,0,1,"Imports",97,"EU-28",NA,643,"Russian Federation",NA,NA,NA,NA,NA,NA,NA,NA,207,"Meat and edible offal of poultry; of the poultry of heading no. 0105, (ie fowls of the species gallus domesticus), fresh, chilled or frozen",NA,NA,NA,NA,NA,NA,22,NA,86,NA,NA,0
"HS",2018,201801,"January 2018",4,0,1,"Imports",112,"Belarus",NA,643,"Russian Federation",NA,NA,NA,NA,NA,NA,NA,NA,207,"Meat and edible offal of poultry; of the poultry of heading no. 0105, (ie fowls of the species gallus domesticus), fresh, chilled or frozen",NA,NA,NA,NA,NA,NA,350096,NA,340100,NA,NA,0
"HS",2018,201802,"February 2018",4,0,1,"Imports",112,"Belarus",NA,643,"Russian Federation",NA,NA,NA,NA,NA,NA,NA,NA,207,"Meat and edible offal of poultry; of the poultry of heading no. 0105, (ie fowls of the species gallus domesticus), fresh, chilled or frozen",NA,NA,NA,NA,NA,NA,424618,NA,393700,NA,NA,0
"HS",2018,201803,"March 2018",4,0,1,"Imports",112,"Belarus",NA,643,"Russian Federation",NA,NA,NA,NA,NA,NA,NA,NA,207,"Meat and edible offal of poultry; of the poultry of heading no. 0105, (ie fowls of the species gallus domesticus), fresh, chilled or frozen",NA,NA,NA,NA,NA,NA,309363,NA,349600,NA,NA,0
"HS",2018,201804,"April 2018",4,0,1,"Imports",112,"Belarus",NA,643,"Russian Federation",NA,NA,NA,NA,NA,NA,NA,NA,207,"Meat and edible offal of poultry; of the poultry of heading no. 0105, (ie fowls of the species gallus domesticus), fresh, chilled or frozen",NA,NA,NA,NA,NA,NA,158120,NA,161100,NA,NA,0
"HS",2018,201805,"May 2018",4,0,1,"Imports",112,"Belarus",NA,643,"Russian Federation",NA,NA,NA,NA,NA,NA,NA,NA,207,"Meat and edible offal of poultry; of the poultry of heading no. 0105, (ie fowls of the species gallus domesticus), fresh, chilled or frozen",NA,NA,NA,NA,NA,NA,164874,NA,202100,NA,NA,0
"HS",2018,201806,"June 2018",4,0,1,"Imports",112,"Belarus",NA,643,"Russian Federation",NA,NA,NA,NA,NA,NA,NA,NA,207,"Meat and edible offal of poultry; of the poultry of heading no. 0105, (ie fowls of the species gallus domesticus), fresh, chilled or frozen",NA,NA,NA,NA,NA,NA,99914,NA,143600,NA,NA,0
"HS",2018,201807,"July 2018",4,0,1,"Imports",112,"Belarus",NA,643,"Russian Federation",NA,NA,NA,NA,NA,NA,NA,NA,207,"Meat and edible offal of poultry; of the poultry of heading no. 0105, (ie fowls of the species gallus domesticus), fresh, chilled or frozen",NA,NA,NA,NA,NA,NA,81231,NA,100300,NA,NA,0
"HS",2018,201808,"August 2018",4,0,1,"Imports",112,"Belarus",NA,643,"Russian Federation",NA,NA,NA,NA,NA,NA,NA,NA,207,"Meat and edible offal of poultry; of the poultry of heading no. 0105, (ie fowls of the species gallus domesticus), fresh, chilled or frozen",NA,NA,NA,NA,NA,NA,79965,NA,72100,NA,NA,0
"HS",2018,201809,"September 2018",4,0,1,"Imports",112,"Belarus",NA,643,"Russian Federation",NA,NA,NA,NA,NA,NA,NA,NA,207,"Meat and edible offal of poultry; of the poultry of heading no. 0105, (ie fowls of the species gallus domesticus), fresh, chilled or frozen",NA,NA,NA,NA,NA,NA,44586,NA,35100,NA,NA,0
"HS",2018,201810,"October 2018",4,0,1,"Imports",112,"Belarus",NA,643,"Russian Federation",NA,NA,NA,NA,NA,NA,NA,NA,207,"Meat and edible offal of poultry; of the poultry of heading no. 0105, (ie fowls of the species gallus domesticus), fresh, chilled or frozen",NA,NA,NA,NA,NA,NA,21866,NA,22800,NA,NA,0
"HS",2018,201811,"November 2018",4,0,1,"Imports",112,"Belarus",NA,643,"Russian Federation",NA,NA,NA,NA,NA,NA,NA,NA,207,"Meat and edible offal of poultry; of the poultry of heading no. 0105, (ie fowls of the species gallus domesticus), fresh, chilled or frozen",NA,NA,NA,NA,NA,NA,69018,NA,100000,NA,NA,0
"HS",2018,201812,"December 2018",4,0,1,"Imports",112,"Belarus",NA,643,"Russian Federation",NA,NA,NA,NA,NA,NA,NA,NA,207,"Meat and edible offal of poultry; of the poultry of heading no. 0105, (ie fowls of the species gallus domesticus), fresh, chilled or frozen",NA,NA,NA,NA,NA,NA,77601,NA,156700,NA,NA,0
"HS",2018,201802,"February 2018",4,0,1,"Imports",180,"Dem.Rep. of the Congo",NA,643,"Russian Federation",NA,NA,NA,NA,NA,NA,NA,NA,207,"Meat and edible offal of poultry; of the poultry of heading no. 0105, (ie fowls of the species gallus domesticus), fresh, chilled or frozen",NA,NA,NA,NA,NA,NA,26360,NA,14444,NA,NA,0
"HS",2018,201804,"April 2018",4,0,1,"Imports",180,"Dem.Rep. of the Congo",NA,643,"Russian Federation",NA,NA,NA,NA,NA,NA,NA,NA,207,"Meat and edible offal of poultry; of the poultry of heading no. 0105, (ie fowls of the species gallus domesticus), fresh, chilled or frozen",NA,NA,NA,NA,NA,NA,53974,NA,84440,NA,NA,0
"HS",2018,201805,"May 2018",4,0,1,"Imports",180,"Dem.Rep. of the Congo",NA,643,"Russian Federation",NA,NA,NA,NA,NA,NA,NA,NA,207,"Meat and edible offal of poultry; of the poultry of heading no. 0105, (ie fowls of the species gallus domesticus), fresh, chilled or frozen",NA,NA,NA,NA,NA,NA,28030,NA,14796,NA,NA,0
"HS",2018,201806,"June 2018",4,0,1,"Imports",180,"Dem.Rep. of the Congo",NA,643,"Russian Federation",NA,NA,NA,NA,NA,NA,NA,NA,207,"Meat and edible offal of poultry; of the poultry of heading no. 0105, (ie fowls of the species gallus domesticus), fresh, chilled or frozen",NA,NA,NA,NA,NA,NA,27000,NA,21206,NA,NA,0
"HS",2018,201812,"December 2018",4,0,1,"Imports",180,"Dem.Rep. of the Congo",NA,643,"Russian Federation",NA,NA,NA,NA,NA,NA,NA,NA,207,"Meat and edible offal of poultry; of the poultry of heading no. 0105, (ie fowls of the species gallus domesticus), fresh, chilled or frozen",NA,NA,NA,NA,NA,NA,28151,NA,44494,NA,NA,0
"HS",2018,201801,"January 2018",4,0,1,"Imports",204,"Benin",NA,643,"Russian Federation",NA,NA,NA,NA,NA,NA,NA,NA,207,"Meat and edible offal of poultry; of the poultry of heading no. 0105, (ie fowls of the species gallus domesticus), fresh, chilled or frozen",NA,NA,NA,NA,NA,NA,100000,NA,97622,NA,NA,0
"HS",2018,201802,"February 2018",4,0,1,"Imports",204,"Benin",NA,643,"Russian Federation",NA,NA,NA,NA,NA,NA,NA,NA,207,"Meat and edible offal of poultry; of the poultry of heading no. 0105, (ie fowls of the species gallus domesticus), fresh, chilled or frozen",NA,NA,NA,NA,NA,NA,27000,NA,26675,NA,NA,0
"HS",2018,201803,"March 2018",4,0,1,"Imports",204,"Benin",NA,643,"Russian Federation",NA,NA,NA,NA,NA,NA,NA,NA,207,"Meat and edible offal of poultry; of the poultry of heading no. 0105, (ie fowls of the species gallus domesticus), fresh, chilled or frozen",NA,NA,NA,NA,NA,NA,98000,NA,98731,NA,NA,0
"HS",2018,201804,"April 2018",4,0,1,"Imports",204,"Benin",NA,643,"Russian Federation",NA,NA,NA,NA,NA,NA,NA,NA,207,"Meat and edible offal of poultry; of the poultry of heading no. 0105, (ie fowls of the species gallus domesticus), fresh, chilled or frozen",NA,NA,NA,NA,NA,NA,105985,NA,98249,NA,NA,0
"HS",2018,201805,"May 2018",4,0,1,"Imports",204,"Benin",NA,643,"Russian Federation",NA,NA,NA,NA,NA,NA,NA,NA,207,"Meat and edible offal of poultry; of the poultry of heading no. 0105, (ie fowls of the species gallus domesticus), fresh, chilled or frozen",NA,NA,NA,NA,NA,NA,76993,NA,70905,NA,NA,0
"HS",2018,201806,"June 2018",4,0,1,"Imports",204,"Benin",NA,643,"Russian Federation",NA,NA,NA,NA,NA,NA,NA,NA,207,"Meat and edible offal of poultry; of the poultry of heading no. 0105, (ie fowls of the species gallus domesticus), fresh, chilled or frozen",NA,NA,NA,NA,NA,NA,25000,NA,23366,NA,NA,0
"HS",2018,201807,"July 2018",4,0,1,"Imports",204,"Benin",NA,643,"Russian Federation",NA,NA,NA,NA,NA,NA,NA,NA,207,"Meat and edible offal of poultry; of the poultry of heading no. 0105, (ie fowls of the species gallus domesticus), fresh, chilled or frozen",NA,NA,NA,NA,NA,NA,51480,NA,46771,NA,NA,0
"HS",2018,201808,"August 2018",4,0,1,"Imports",204,"Benin",NA,643,"Russian Federation",NA,NA,NA,NA,NA,NA,NA,NA,207,"Meat and edible offal of poultry; of the poultry of heading no. 0105, (ie fowls of the species gallus domesticus), fresh, chilled or frozen",NA,NA,NA,NA,NA,NA,25000,NA,23106,NA,NA,0
"HS",2018,201809,"September 2018",4,0,1,"Imports",204,"Benin",NA,643,"Russian Federation",NA,NA,NA,NA,NA,NA,NA,NA,207,"Meat and edible offal of poultry; of the poultry of heading no. 0105, (ie fowls of the species gallus domesticus), fresh, chilled or frozen",NA,NA,NA,NA,NA,NA,50000,NA,46664,NA,NA,0
"HS",2018,201810,"October 2018",4,0,1,"Imports",204,"Benin",NA,643,"Russian Federation",NA,NA,NA,NA,NA,NA,NA,NA,207,"Meat and edible offal of poultry; of the poultry of heading no. 0105, (ie fowls of the species gallus domesticus), fresh, chilled or frozen",NA,NA,NA,NA,NA,NA,25000,NA,22978,NA,NA,0
"HS",2018,201811,"November 2018",4,0,1,"Imports",204,"Benin",NA,643,"Russian Federation",NA,NA,NA,NA,NA,NA,NA,NA,207,"Meat and edible offal of poultry; of the poultry of heading no. 0105, (ie fowls of the species gallus domesticus), fresh, chilled or frozen",NA,NA,NA,NA,NA,NA,100000,NA,90964,NA,NA,0
"HS",2018,201812,"December 2018",4,0,1,"Imports",204,"Benin",NA,643,"Russian Federation",NA,NA,NA,NA,NA,NA,NA,NA,207,"Meat and edible offal of poultry; of the poultry of heading no. 0105, (ie fowls of the species gallus domesticus), fresh, chilled or frozen",NA,NA,NA,NA,NA,NA,75000,NA,68327,NA,NA,0
"HS",2018,201807,"July 2018",4,0,1,"Imports",251,"France",NA,643,"Russian Federation",NA,NA,NA,NA,NA,NA,NA,NA,207,"Meat and edible offal of poultry; of the poultry of heading no. 0105, (ie fowls of the species gallus domesticus), fresh, chilled or frozen",NA,NA,NA,NA,NA,NA,18704,NA,57025,NA,NA,0
"HS",2018,201810,"October 2018",4,0,1,"Imports",288,"Ghana",NA,643,"Russian Federation",NA,NA,NA,NA,NA,NA,NA,NA,207,"Meat and edible offal of poultry; of the poultry of heading no. 0105, (ie fowls of the species gallus domesticus), fresh, chilled or frozen",NA,NA,NA,NA,NA,NA,52024,NA,41270,NA,NA,0
"HS",2018,201801,"January 2018",4,0,1,"Imports",398,"Kazakhstan",NA,643,"Russian Federation",NA,NA,NA,NA,NA,NA,NA,NA,207,"Meat and edible offal of poultry; of the poultry of heading no. 0105, (ie fowls of the species gallus domesticus), fresh, chilled or frozen",NA,NA,NA,NA,NA,NA,2490273,NA,3817277,NA,NA,0
"HS",2018,201802,"February 2018",4,0,1,"Imports",398,"Kazakhstan",NA,643,"Russian Federation",NA,NA,NA,NA,NA,NA,NA,NA,207,"Meat and edible offal of poultry; of the poultry of heading no. 0105, (ie fowls of the species gallus domesticus), fresh, chilled or frozen",NA,NA,NA,NA,NA,NA,2635679,NA,3732954,NA,NA,0
"HS",2018,201803,"March 2018",4,0,1,"Imports",398,"Kazakhstan",NA,643,"Russian Federation",NA,NA,NA,NA,NA,NA,NA,NA,207,"Meat and edible offal of poultry; of the poultry of heading no. 0105, (ie fowls of the species gallus domesticus), fresh, chilled or frozen",NA,NA,NA,NA,NA,NA,44146253,NA,3474731,NA,NA,0
"HS",2018,201804,"April 2018",4,0,1,"Imports",398,"Kazakhstan",NA,643,"Russian Federation",NA,NA,NA,NA,NA,NA,NA,NA,207,"Meat and edible offal of poultry; of the poultry of heading no. 0105, (ie fowls of the species gallus domesticus), fresh, chilled or frozen",NA,NA,NA,NA,NA,NA,2104515,NA,3078641,NA,NA,0
"HS",2018,201805,"May 2018",4,0,1,"Imports",398,"Kazakhstan",NA,643,"Russian Federation",NA,NA,NA,NA,NA,NA,NA,NA,207,"Meat and edible offal of poultry; of the poultry of heading no. 0105, (ie fowls of the species gallus domesticus), fresh, chilled or frozen",NA,NA,NA,NA,NA,NA,1357061,NA,4928124,NA,NA,0
"HS",2018,201806,"June 2018",4,0,1,"Imports",398,"Kazakhstan",NA,643,"Russian Federation",NA,NA,NA,NA,NA,NA,NA,NA,207,"Meat and edible offal of poultry; of the poultry of heading no. 0105, (ie fowls of the species gallus domesticus), fresh, chilled or frozen",NA,NA,NA,NA,NA,NA,96516,NA,1121493,NA,NA,0
"HS",2018,201807,"July 2018",4,0,1,"Imports",398,"Kazakhstan",NA,643,"Russian Federation",NA,NA,NA,NA,NA,NA,NA,NA,207,"Meat and edible offal of poultry; of the poultry of heading no. 0105, (ie fowls of the species gallus domesticus), fresh, chilled or frozen",NA,NA,NA,NA,NA,NA,1217669,NA,3517292,NA,NA,0
"HS",2018,201808,"August 2018",4,0,1,"Imports",398,"Kazakhstan",NA,643,"Russian Federation",NA,NA,NA,NA,NA,NA,NA,NA,207,"Meat and edible offal of poultry; of the poultry of heading no. 0105, (ie fowls of the species gallus domesticus), fresh, chilled or frozen",NA,NA,NA,NA,NA,NA,1197873,NA,4808906,NA,NA,0
"HS",2018,201809,"September 2018",4,0,1,"Imports",398,"Kazakhstan",NA,643,"Russian Federation",NA,NA,NA,NA,NA,NA,NA,NA,207,"Meat and edible offal of poultry; of the poultry of heading no. 0105, (ie fowls of the species gallus domesticus), fresh, chilled or frozen",NA,NA,NA,NA,NA,NA,262502,NA,3040618,NA,NA,0
"HS",2018,201810,"October 2018",4,0,1,"Imports",398,"Kazakhstan",NA,643,"Russian Federation",NA,NA,NA,NA,NA,NA,NA,NA,207,"Meat and edible offal of poultry; of the poultry of heading no. 0105, (ie fowls of the species gallus domesticus), fresh, chilled or frozen",NA,NA,NA,NA,NA,NA,902264,NA,4629701,NA,NA,0
"HS",2018,201811,"November 2018",4,0,1,"Imports",398,"Kazakhstan",NA,643,"Russian Federation",NA,NA,NA,NA,NA,NA,NA,NA,207,"Meat and edible offal of poultry; of the poultry of heading no. 0105, (ie fowls of the species gallus domesticus), fresh, chilled or frozen",NA,NA,NA,NA,NA,NA,1239382,NA,5379906,NA,NA,0
"HS",2018,201812,"December 2018",4,0,1,"Imports",398,"Kazakhstan",NA,643,"Russian Federation",NA,NA,NA,NA,NA,NA,NA,NA,207,"Meat and edible offal of poultry; of the poultry of heading no. 0105, (ie fowls of the species gallus domesticus), fresh, chilled or frozen",NA,NA,NA,NA,NA,NA,523531,NA,3804514,NA,NA,0
"HS",2018,201801,"January 2018",4,0,1,"Imports",417,"Kyrgyzstan",NA,643,"Russian Federation",NA,NA,NA,NA,NA,NA,NA,NA,207,"Meat and edible offal of poultry; of the poultry of heading no. 0105, (ie fowls of the species gallus domesticus), fresh, chilled or frozen",NA,NA,NA,NA,NA,NA,1175636,NA,1228036,NA,NA,0
"HS",2018,201802,"February 2018",4,0,1,"Imports",417,"Kyrgyzstan",NA,643,"Russian Federation",NA,NA,NA,NA,NA,NA,NA,NA,207,"Meat and edible offal of poultry; of the poultry of heading no. 0105, (ie fowls of the species gallus domesticus), fresh, chilled or frozen",NA,NA,NA,NA,NA,NA,3953246,NA,1925843,NA,NA,0
"HS",2018,201803,"March 2018",4,0,1,"Imports",417,"Kyrgyzstan",NA,643,"Russian Federation",NA,NA,NA,NA,NA,NA,NA,NA,207,"Meat and edible offal of poultry; of the poultry of heading no. 0105, (ie fowls of the species gallus domesticus), fresh, chilled or frozen",NA,NA,NA,NA,NA,NA,2338287,NA,2591066,NA,NA,0
"HS",2018,201804,"April 2018",4,0,1,"Imports",417,"Kyrgyzstan",NA,643,"Russian Federation",NA,NA,NA,NA,NA,NA,NA,NA,207,"Meat and edible offal of poultry; of the poultry of heading no. 0105, (ie fowls of the species gallus domesticus), fresh, chilled or frozen",NA,NA,NA,NA,NA,NA,3007584,NA,3194641,NA,NA,0
"HS",2018,201805,"May 2018",4,0,1,"Imports",417,"Kyrgyzstan",NA,643,"Russian Federation",NA,NA,NA,NA,NA,NA,NA,NA,207,"Meat and edible offal of poultry; of the poultry of heading no. 0105, (ie fowls of the species gallus domesticus), fresh, chilled or frozen",NA,NA,NA,NA,NA,NA,1344727,NA,1310490,NA,NA,0
"HS",2018,201806,"June 2018",4,0,1,"Imports",417,"Kyrgyzstan",NA,643,"Russian Federation",NA,NA,NA,NA,NA,NA,NA,NA,207,"Meat and edible offal of poultry; of the poultry of heading no. 0105, (ie fowls of the species gallus domesticus), fresh, chilled or frozen",NA,NA,NA,NA,NA,NA,910662,NA,773108,NA,NA,0
"HS",2018,201807,"July 2018",4,0,1,"Imports",417,"Kyrgyzstan",NA,643,"Russian Federation",NA,NA,NA,NA,NA,NA,NA,NA,207,"Meat and edible offal of poultry; of the poultry of heading no. 0105, (ie fowls of the species gallus domesticus), fresh, chilled or frozen",NA,NA,NA,NA,NA,NA,353010,NA,215047,NA,NA,0
"HS",2018,201808,"August 2018",4,0,1,"Imports",417,"Kyrgyzstan",NA,643,"Russian Federation",NA,NA,NA,NA,NA,NA,NA,NA,207,"Meat and edible offal of poultry; of the poultry of heading no. 0105, (ie fowls of the species gallus domesticus), fresh, chilled or frozen",NA,NA,NA,NA,NA,NA,1538855,NA,1692233,NA,NA,0
"HS",2018,201809,"September 2018",4,0,1,"Imports",417,"Kyrgyzstan",NA,643,"Russian Federation",NA,NA,NA,NA,NA,NA,NA,NA,207,"Meat and edible offal of poultry; of the poultry of heading no. 0105, (ie fowls of the species gallus domesticus), fresh, chilled or frozen",NA,NA,NA,NA,NA,NA,970504,NA,1307577,NA,NA,0
"HS",2018,201810,"October 2018",4,0,1,"Imports",417,"Kyrgyzstan",NA,643,"Russian Federation",NA,NA,NA,NA,NA,NA,NA,NA,207,"Meat and edible offal of poultry; of the poultry of heading no. 0105, (ie fowls of the species gallus domesticus), fresh, chilled or frozen",NA,NA,NA,NA,NA,NA,1311177,NA,1744577,NA,NA,0
"HS",2018,201811,"November 2018",4,0,1,"Imports",417,"Kyrgyzstan",NA,643,"Russian Federation",NA,NA,NA,NA,NA,NA,NA,NA,207,"Meat and edible offal of poultry; of the poultry of heading no. 0105, (ie fowls of the species gallus domesticus), fresh, chilled or frozen",NA,NA,NA,NA,NA,NA,556932,NA,782062,NA,NA,0
"HS",2018,201812,"December 2018",4,0,1,"Imports",417,"Kyrgyzstan",NA,643,"Russian Federation",NA,NA,NA,NA,NA,NA,NA,NA,207,"Meat and edible offal of poultry; of the poultry of heading no. 0105, (ie fowls of the species gallus domesticus), fresh, chilled or frozen",NA,NA,NA,NA,NA,NA,524242,NA,588066,NA,NA,0
"HS",2018,201805,"May 2018",4,0,1,"Imports",462,"Maldives",NA,643,"Russian Federation",NA,NA,NA,NA,NA,NA,NA,NA,207,"Meat and edible offal of poultry; of the poultry of heading no. 0105, (ie fowls of the species gallus domesticus), fresh, chilled or frozen",NA,NA,NA,NA,NA,NA,53347,NA,88935,NA,NA,0
"HS",2018,201806,"June 2018",4,0,1,"Imports",462,"Maldives",NA,643,"Russian Federation",NA,NA,NA,NA,NA,NA,NA,NA,207,"Meat and edible offal of poultry; of the poultry of heading no. 0105, (ie fowls of the species gallus domesticus), fresh, chilled or frozen",NA,NA,NA,NA,NA,NA,53919,NA,100555,NA,NA,0
"HS",2018,201810,"October 2018",4,0,1,"Imports",462,"Maldives",NA,643,"Russian Federation",NA,NA,NA,NA,NA,NA,NA,NA,207,"Meat and edible offal of poultry; of the poultry of heading no. 0105, (ie fowls of the species gallus domesticus), fresh, chilled or frozen",NA,NA,NA,NA,NA,NA,128827,NA,215487,NA,NA,0
"HS",2018,201802,"February 2018",4,0,1,"Imports",496,"Mongolia",NA,643,"Russian Federation",NA,NA,NA,NA,NA,NA,NA,NA,207,"Meat and edible offal of poultry; of the poultry of heading no. 0105, (ie fowls of the species gallus domesticus), fresh, chilled or frozen",NA,NA,NA,NA,NA,NA,19200,NA,28673,NA,NA,0
"HS",2018,201803,"March 2018",4,0,1,"Imports",496,"Mongolia",NA,643,"Russian Federation",NA,NA,NA,NA,NA,NA,NA,NA,207,"Meat and edible offal of poultry; of the poultry of heading no. 0105, (ie fowls of the species gallus domesticus), fresh, chilled or frozen",NA,NA,NA,NA,NA,NA,19164,NA,29896,NA,NA,0
"HS",2018,201805,"May 2018",4,0,1,"Imports",496,"Mongolia",NA,643,"Russian Federation",NA,NA,NA,NA,NA,NA,NA,NA,207,"Meat and edible offal of poultry; of the poultry of heading no. 0105, (ie fowls of the species gallus domesticus), fresh, chilled or frozen",NA,NA,NA,NA,NA,NA,19298,NA,30003,NA,NA,0
"HS",2018,201807,"July 2018",4,0,1,"Imports",496,"Mongolia",NA,643,"Russian Federation",NA,NA,NA,NA,NA,NA,NA,NA,207,"Meat and edible offal of poultry; of the poultry of heading no. 0105, (ie fowls of the species gallus domesticus), fresh, chilled or frozen",NA,NA,NA,NA,NA,NA,18810,NA,34644,NA,NA,0
"HS",2018,201810,"October 2018",4,0,1,"Imports",496,"Mongolia",NA,643,"Russian Federation",NA,NA,NA,NA,NA,NA,NA,NA,207,"Meat and edible offal of poultry; of the poultry of heading no. 0105, (ie fowls of the species gallus domesticus), fresh, chilled or frozen",NA,NA,NA,NA,NA,NA,13486,NA,23811,NA,NA,0
"HS",2018,201811,"November 2018",4,0,1,"Imports",496,"Mongolia",NA,643,"Russian Federation",NA,NA,NA,NA,NA,NA,NA,NA,207,"Meat and edible offal of poultry; of the poultry of heading no. 0105, (ie fowls of the species gallus domesticus), fresh, chilled or frozen",NA,NA,NA,NA,NA,NA,19010,NA,34431,NA,NA,0
"HS",2018,201812,"December 2018",4,0,1,"Imports",496,"Mongolia",NA,643,"Russian Federation",NA,NA,NA,NA,NA,NA,NA,NA,207,"Meat and edible offal of poultry; of the poultry of heading no. 0105, (ie fowls of the species gallus domesticus), fresh, chilled or frozen",NA,NA,NA,NA,NA,NA,19203,NA,35586,NA,NA,0
"HS",2018,201805,"May 2018",4,0,1,"Imports",508,"Mozambique",NA,643,"Russian Federation",NA,NA,NA,NA,NA,NA,NA,NA,207,"Meat and edible offal of poultry; of the poultry of heading no. 0105, (ie fowls of the species gallus domesticus), fresh, chilled or frozen",NA,NA,NA,NA,NA,NA,84073,NA,66128,NA,NA,0
"HS",2018,201806,"June 2018",4,0,1,"Imports",508,"Mozambique",NA,643,"Russian Federation",NA,NA,NA,NA,NA,NA,NA,NA,207,"Meat and edible offal of poultry; of the poultry of heading no. 0105, (ie fowls of the species gallus domesticus), fresh, chilled or frozen",NA,NA,NA,NA,NA,NA,27962,NA,16378,NA,NA,0
"HS",2018,201808,"August 2018",4,0,1,"Imports",508,"Mozambique",NA,643,"Russian Federation",NA,NA,NA,NA,NA,NA,NA,NA,207,"Meat and edible offal of poultry; of the poultry of heading no. 0105, (ie fowls of the species gallus domesticus), fresh, chilled or frozen",NA,NA,NA,NA,NA,NA,27962,NA,16636,NA,NA,0
"HS",2018,201811,"November 2018",4,0,1,"Imports",508,"Mozambique",NA,643,"Russian Federation",NA,NA,NA,NA,NA,NA,NA,NA,207,"Meat and edible offal of poultry; of the poultry of heading no. 0105, (ie fowls of the species gallus domesticus), fresh, chilled or frozen",NA,NA,NA,NA,NA,NA,55924,NA,30194,NA,NA,0
"HS",2018,201812,"December 2018",4,0,1,"Imports",508,"Mozambique",NA,643,"Russian Federation",NA,NA,NA,NA,NA,NA,NA,NA,207,"Meat and edible offal of poultry; of the poultry of heading no. 0105, (ie fowls of the species gallus domesticus), fresh, chilled or frozen",NA,NA,NA,NA,NA,NA,55862,NA,32286,NA,NA,0
"HS",2018,201802,"February 2018",4,0,1,"Imports",634,"Qatar",NA,643,"Russian Federation",NA,NA,NA,NA,NA,NA,NA,NA,207,"Meat and edible offal of poultry; of the poultry of heading no. 0105, (ie fowls of the species gallus domesticus), fresh, chilled or frozen",NA,NA,NA,NA,NA,NA,28240,NA,43262,NA,NA,0
"HS",2018,201810,"October 2018",4,0,1,"Imports",634,"Qatar",NA,643,"Russian Federation",NA,NA,NA,NA,NA,NA,NA,NA,207,"Meat and edible offal of poultry; of the poultry of heading no. 0105, (ie fowls of the species gallus domesticus), fresh, chilled or frozen",NA,NA,NA,NA,NA,NA,49632,NA,79425,NA,NA,0
"HS",2018,201802,"February 2018",4,0,1,"Imports",688,"Serbia",NA,643,"Russian Federation",NA,NA,NA,NA,NA,NA,NA,NA,207,"Meat and edible offal of poultry; of the poultry of heading no. 0105, (ie fowls of the species gallus domesticus), fresh, chilled or frozen",NA,NA,NA,NA,NA,NA,25005,NA,73253,NA,NA,0
"HS",2018,201803,"March 2018",4,0,1,"Imports",688,"Serbia",NA,643,"Russian Federation",NA,NA,NA,NA,NA,NA,NA,NA,207,"Meat and edible offal of poultry; of the poultry of heading no. 0105, (ie fowls of the species gallus domesticus), fresh, chilled or frozen",NA,NA,NA,NA,NA,NA,100011,NA,289333,NA,NA,0
"HS",2018,201804,"April 2018",4,0,1,"Imports",688,"Serbia",NA,643,"Russian Federation",NA,NA,NA,NA,NA,NA,NA,NA,207,"Meat and edible offal of poultry; of the poultry of heading no. 0105, (ie fowls of the species gallus domesticus), fresh, chilled or frozen",NA,NA,NA,NA,NA,NA,128135,NA,354963,NA,NA,0
"HS",2018,201806,"June 2018",4,0,1,"Imports",688,"Serbia",NA,643,"Russian Federation",NA,NA,NA,NA,NA,NA,NA,NA,207,"Meat and edible offal of poultry; of the poultry of heading no. 0105, (ie fowls of the species gallus domesticus), fresh, chilled or frozen",NA,NA,NA,NA,NA,NA,25005,NA,65376,NA,NA,0
"HS",2018,201807,"July 2018",4,0,1,"Imports",688,"Serbia",NA,643,"Russian Federation",NA,NA,NA,NA,NA,NA,NA,NA,207,"Meat and edible offal of poultry; of the poultry of heading no. 0105, (ie fowls of the species gallus domesticus), fresh, chilled or frozen",NA,NA,NA,NA,NA,NA,25005,NA,63471,NA,NA,0
"HS",2018,201808,"August 2018",4,0,1,"Imports",688,"Serbia",NA,643,"Russian Federation",NA,NA,NA,NA,NA,NA,NA,NA,207,"Meat and edible offal of poultry; of the poultry of heading no. 0105, (ie fowls of the species gallus domesticus), fresh, chilled or frozen",NA,NA,NA,NA,NA,NA,25005,NA,63129,NA,NA,0
"HS",2018,201809,"September 2018",4,0,1,"Imports",688,"Serbia",NA,643,"Russian Federation",NA,NA,NA,NA,NA,NA,NA,NA,207,"Meat and edible offal of poultry; of the poultry of heading no. 0105, (ie fowls of the species gallus domesticus), fresh, chilled or frozen",NA,NA,NA,NA,NA,NA,51920,NA,146239,NA,NA,0
"HS",2018,201810,"October 2018",4,0,1,"Imports",688,"Serbia",NA,643,"Russian Federation",NA,NA,NA,NA,NA,NA,NA,NA,207,"Meat and edible offal of poultry; of the poultry of heading no. 0105, (ie fowls of the species gallus domesticus), fresh, chilled or frozen",NA,NA,NA,NA,NA,NA,25960,NA,71388,NA,NA,0
"HS",2018,201812,"December 2018",4,0,1,"Imports",688,"Serbia",NA,643,"Russian Federation",NA,NA,NA,NA,NA,NA,NA,NA,207,"Meat and edible offal of poultry; of the poultry of heading no. 0105, (ie fowls of the species gallus domesticus), fresh, chilled or frozen",NA,NA,NA,NA,NA,NA,26000,NA,72800,NA,NA,0
"HS",2018,201805,"May 2018",4,0,1,"Imports",690,"Seychelles",NA,643,"Russian Federation",NA,NA,NA,NA,NA,NA,NA,NA,207,"Meat and edible offal of poultry; of the poultry of heading no. 0105, (ie fowls of the species gallus domesticus), fresh, chilled or frozen",NA,NA,NA,NA,NA,NA,28275,NA,48342,NA,NA,0
"HS",2018,201808,"August 2018",4,0,1,"Imports",690,"Seychelles",NA,643,"Russian Federation",NA,NA,NA,NA,NA,NA,NA,NA,207,"Meat and edible offal of poultry; of the poultry of heading no. 0105, (ie fowls of the species gallus domesticus), fresh, chilled or frozen",NA,NA,NA,NA,NA,NA,12619,NA,41615,NA,NA,0
"HS",2018,201810,"October 2018",4,0,1,"Imports",690,"Seychelles",NA,643,"Russian Federation",NA,NA,NA,NA,NA,NA,NA,NA,207,"Meat and edible offal of poultry; of the poultry of heading no. 0105, (ie fowls of the species gallus domesticus), fresh, chilled or frozen",NA,NA,NA,NA,NA,NA,23570,NA,33617,NA,NA,0
"HS",2018,201812,"December 2018",4,0,1,"Imports",690,"Seychelles",NA,643,"Russian Federation",NA,NA,NA,NA,NA,NA,NA,NA,207,"Meat and edible offal of poultry; of the poultry of heading no. 0105, (ie fowls of the species gallus domesticus), fresh, chilled or frozen",NA,NA,NA,NA,NA,NA,28330,NA,46935,NA,NA,0
"HS",2018,201804,"April 2018",4,0,1,"Imports",724,"Spain",NA,643,"Russian Federation",NA,NA,NA,NA,NA,NA,NA,NA,207,"Meat and edible offal of poultry; of the poultry of heading no. 0105, (ie fowls of the species gallus domesticus), fresh, chilled or frozen",NA,NA,NA,NA,NA,NA,22,NA,86,NA,NA,0
"HS",2018,201801,"January 2018",4,0,1,"Imports",784,"United Arab Emirates",NA,643,"Russian Federation",NA,NA,NA,NA,NA,NA,NA,NA,207,"Meat and edible offal of poultry; of the poultry of heading no. 0105, (ie fowls of the species gallus domesticus), fresh, chilled or frozen",NA,NA,NA,NA,NA,NA,222798,NA,379863,NA,NA,0
"HS",2018,201802,"February 2018",4,0,1,"Imports",784,"United Arab Emirates",NA,643,"Russian Federation",NA,NA,NA,NA,NA,NA,NA,NA,207,"Meat and edible offal of poultry; of the poultry of heading no. 0105, (ie fowls of the species gallus domesticus), fresh, chilled or frozen",NA,NA,NA,NA,NA,NA,421118,NA,737215,NA,NA,0
"HS",2018,201803,"March 2018",4,0,1,"Imports",784,"United Arab Emirates",NA,643,"Russian Federation",NA,NA,NA,NA,NA,NA,NA,NA,207,"Meat and edible offal of poultry; of the poultry of heading no. 0105, (ie fowls of the species gallus domesticus), fresh, chilled or frozen",NA,NA,NA,NA,NA,NA,338662,NA,594588,NA,NA,0
"HS",2018,201804,"April 2018",4,0,1,"Imports",784,"United Arab Emirates",NA,643,"Russian Federation",NA,NA,NA,NA,NA,NA,NA,NA,207,"Meat and edible offal of poultry; of the poultry of heading no. 0105, (ie fowls of the species gallus domesticus), fresh, chilled or frozen",NA,NA,NA,NA,NA,NA,281875,NA,384624,NA,NA,0
"HS",2018,201805,"May 2018",4,0,1,"Imports",784,"United Arab Emirates",NA,643,"Russian Federation",NA,NA,NA,NA,NA,NA,NA,NA,207,"Meat and edible offal of poultry; of the poultry of heading no. 0105, (ie fowls of the species gallus domesticus), fresh, chilled or frozen",NA,NA,NA,NA,NA,NA,107240,NA,145272,NA,NA,0
"HS",2018,201806,"June 2018",4,0,1,"Imports",784,"United Arab Emirates",NA,643,"Russian Federation",NA,NA,NA,NA,NA,NA,NA,NA,207,"Meat and edible offal of poultry; of the poultry of heading no. 0105, (ie fowls of the species gallus domesticus), fresh, chilled or frozen",NA,NA,NA,NA,NA,NA,304437,NA,413072,NA,NA,0
"HS",2018,201807,"July 2018",4,0,1,"Imports",784,"United Arab Emirates",NA,643,"Russian Federation",NA,NA,NA,NA,NA,NA,NA,NA,207,"Meat and edible offal of poultry; of the poultry of heading no. 0105, (ie fowls of the species gallus domesticus), fresh, chilled or frozen",NA,NA,NA,NA,NA,NA,335123,NA,506128,NA,NA,0
"HS",2018,201808,"August 2018",4,0,1,"Imports",784,"United Arab Emirates",NA,643,"Russian Federation",NA,NA,NA,NA,NA,NA,NA,NA,207,"Meat and edible offal of poultry; of the poultry of heading no. 0105, (ie fowls of the species gallus domesticus), fresh, chilled or frozen",NA,NA,NA,NA,NA,NA,106432,NA,144042,NA,NA,0
"HS",2018,201809,"September 2018",4,0,1,"Imports",784,"United Arab Emirates",NA,643,"Russian Federation",NA,NA,NA,NA,NA,NA,NA,NA,207,"Meat and edible offal of poultry; of the poultry of heading no. 0105, (ie fowls of the species gallus domesticus), fresh, chilled or frozen",NA,NA,NA,NA,NA,NA,212312,NA,287097,NA,NA,0
"HS",2018,201810,"October 2018",4,0,1,"Imports",784,"United Arab Emirates",NA,643,"Russian Federation",NA,NA,NA,NA,NA,NA,NA,NA,207,"Meat and edible offal of poultry; of the poultry of heading no. 0105, (ie fowls of the species gallus domesticus), fresh, chilled or frozen",NA,NA,NA,NA,NA,NA,27957,NA,44925,NA,NA,0
"HS",2018,201811,"November 2018",4,0,1,"Imports",784,"United Arab Emirates",NA,643,"Russian Federation",NA,NA,NA,NA,NA,NA,NA,NA,207,"Meat and edible offal of poultry; of the poultry of heading no. 0105, (ie fowls of the species gallus domesticus), fresh, chilled or frozen",NA,NA,NA,NA,NA,NA,27300,NA,44099,NA,NA,0
"HS",2018,201801,"January 2018",4,0,1,"Imports",975,"",NA,643,"Russian Federation",NA,NA,NA,NA,NA,NA,NA,NA,207,"Meat and edible offal of poultry; of the poultry of heading no. 0105, (ie fowls of the species gallus domesticus), fresh, chilled or frozen",NA,NA,NA,NA,NA,NA,37699,NA,78808,NA,NA,0
"HS",2018,201802,"February 2018",4,0,1,"Imports",975,"",NA,643,"Russian Federation",NA,NA,NA,NA,NA,NA,NA,NA,207,"Meat and edible offal of poultry; of the poultry of heading no. 0105, (ie fowls of the species gallus domesticus), fresh, chilled or frozen",NA,NA,NA,NA,NA,NA,9938,NA,20776,NA,NA,0
"HS",2018,201803,"March 2018",4,0,1,"Imports",975,"",NA,643,"Russian Federation",NA,NA,NA,NA,NA,NA,NA,NA,207,"Meat and edible offal of poultry; of the poultry of heading no. 0105, (ie fowls of the species gallus domesticus), fresh, chilled or frozen",NA,NA,NA,NA,NA,NA,102506,NA,214284,NA,NA,0
"HS",2018,201804,"April 2018",4,0,1,"Imports",975,"",NA,643,"Russian Federation",NA,NA,NA,NA,NA,NA,NA,NA,207,"Meat and edible offal of poultry; of the poultry of heading no. 0105, (ie fowls of the species gallus domesticus), fresh, chilled or frozen",NA,NA,NA,NA,NA,NA,144384,NA,148579,NA,NA,0
"HS",2018,201805,"May 2018",4,0,1,"Imports",975,"",NA,643,"Russian Federation",NA,NA,NA,NA,NA,NA,NA,NA,207,"Meat and edible offal of poultry; of the poultry of heading no. 0105, (ie fowls of the species gallus domesticus), fresh, chilled or frozen",NA,NA,NA,NA,NA,NA,323917,NA,337112,NA,NA,0
"HS",2018,201806,"June 2018",4,0,1,"Imports",975,"",NA,643,"Russian Federation",NA,NA,NA,NA,NA,NA,NA,NA,207,"Meat and edible offal of poultry; of the poultry of heading no. 0105, (ie fowls of the species gallus domesticus), fresh, chilled or frozen",NA,NA,NA,NA,NA,NA,324187,NA,347796,NA,NA,0
"HS",2018,201807,"July 2018",4,0,1,"Imports",975,"",NA,643,"Russian Federation",NA,NA,NA,NA,NA,NA,NA,NA,207,"Meat and edible offal of poultry; of the poultry of heading no. 0105, (ie fowls of the species gallus domesticus), fresh, chilled or frozen",NA,NA,NA,NA,NA,NA,124896,NA,261091,NA,NA,0
"HS",2018,201808,"August 2018",4,0,1,"Imports",975,"",NA,643,"Russian Federation",NA,NA,NA,NA,NA,NA,NA,NA,207,"Meat and edible offal of poultry; of the poultry of heading no. 0105, (ie fowls of the species gallus domesticus), fresh, chilled or frozen",NA,NA,NA,NA,NA,NA,246903,NA,516141,NA,NA,0
"HS",2018,201809,"September 2018",4,0,1,"Imports",975,"",NA,643,"Russian Federation",NA,NA,NA,NA,NA,NA,NA,NA,207,"Meat and edible offal of poultry; of the poultry of heading no. 0105, (ie fowls of the species gallus domesticus), fresh, chilled or frozen",NA,NA,NA,NA,NA,NA,279365,NA,584000,NA,NA,0
"HS",2018,201810,"October 2018",4,0,1,"Imports",975,"",NA,643,"Russian Federation",NA,NA,NA,NA,NA,NA,NA,NA,207,"Meat and edible offal of poultry; of the poultry of heading no. 0105, (ie fowls of the species gallus domesticus), fresh, chilled or frozen",NA,NA,NA,NA,NA,NA,305481,NA,638595,NA,NA,0
"HS",2018,201811,"November 2018",4,0,1,"Imports",975,"",NA,643,"Russian Federation",NA,NA,NA,NA,NA,NA,NA,NA,207,"Meat and edible offal of poultry; of the poultry of heading no. 0105, (ie fowls of the species gallus domesticus), fresh, chilled or frozen",NA,NA,NA,NA,NA,NA,1000177,NA,1063015,NA,NA,0
"HS",2018,201812,"December 2018",4,0,1,"Imports",975,"",NA,643,"Russian Federation",NA,NA,NA,NA,NA,NA,NA,NA,207,"Meat and edible offal of poultry; of the poultry of heading no. 0105, (ie fowls of the species gallus domesticus), fresh, chilled or frozen",NA,NA,NA,NA,NA,NA,959963,NA,1040762,NA,NA,0
